-- CUSTOMER
INSERT INTO CUSTOMER(CUSTOMER_ID, CUSTOMER_NAME, BILLING_ADDRESS_ID, MAILING_ADDRESS_ID, CONTACT_NAME, CONTACT_PHONE, CONTACT_EMAIL, STATE_PR, COUNTRY, EXT_CUSTOMER_ID, CTB_CONTACT_NAME, CTB_CONTACT_EMAIL, ALLOW_DATA_UPLOAD, CREATED_BY, CREATED_DATE_TIME, UPDATED_BY, UPDATED_DATE_TIME, ACTIVATION_STATUS, EISS_ORG, TOP_ORG_NAME, SEASON_YEAR, OVERRIDE_HIDE_ACCOMMODATIONS, IMPORT_STUDENT_EDITABLE, DEMOGRAPHIC_VISIBLE, ACTIVE_PROGRAM_ID, ACTIVE_PROGRAM_NAME, ACTIVE_PROGRAM_START_DATE, ACTIVE_PROGRAM_END_DATE)
values (1, 'Root', NULL,NULL, '', '8313930700', '', 'CA', 'US', '', '', '', 'F', 1, NOW(), null, NULL, 'AC', '', '', '', 'F', 'T', 'T', 1, 'Root Program', '2006-10-10 19:03:34','2018-10-10 19:03:34');

INSERT INTO customer (CUSTOMER_ID, CUSTOMER_NAME, BILLING_ADDRESS_ID, MAILING_ADDRESS_ID, CONTACT_NAME, CONTACT_PHONE, CONTACT_EMAIL, STATE_PR, COUNTRY, EXT_CUSTOMER_ID, CTB_CONTACT_NAME, CTB_CONTACT_EMAIL, ALLOW_DATA_UPLOAD, CREATED_BY, CREATED_DATE_TIME, UPDATED_BY, UPDATED_DATE_TIME, ACTIVATION_STATUS, EISS_ORG, TOP_ORG_NAME, SEASON_YEAR, OVERRIDE_HIDE_ACCOMMODATIONS, IMPORT_STUDENT_EDITABLE, DEMOGRAPHIC_VISIBLE, ACTIVE_PROGRAM_ID, ACTIVE_PROGRAM_NAME, ACTIVE_PROGRAM_START_DATE, ACTIVE_PROGRAM_END_DATE)
values (2, 'CTB', NULL,NULL, '', '8313930700', '', 'CA', 'US', '', '', '', 'F', 1, NOW(), null, NULL, 'AC', '', '', '', 'F', 'T', 'T', 2, 'CTB Program', '2006-10-10 19:03:34','2018-10-10 19:03:34');

INSERT INTO CUSTOMER (CUSTOMER_NAME, BILLING_ADDRESS_ID, MAILING_ADDRESS_ID, CONTACT_NAME, CONTACT_PHONE, CONTACT_EMAIL, STATE_PR, COUNTRY, EXT_CUSTOMER_ID, CTB_CONTACT_NAME, CTB_CONTACT_EMAIL, ALLOW_DATA_UPLOAD, CREATED_BY, CREATED_DATE_TIME, UPDATED_BY, UPDATED_DATE_TIME, ACTIVATION_STATUS, EISS_ORG, TOP_ORG_NAME, SEASON_YEAR, OVERRIDE_HIDE_ACCOMMODATIONS, IMPORT_STUDENT_EDITABLE, DEMOGRAPHIC_VISIBLE, ACTIVE_PROGRAM_ID, ACTIVE_PROGRAM_NAME, ACTIVE_PROGRAM_START_DATE, ACTIVE_PROGRAM_END_DATE)
values ('Laslink License Dev 2015', null, null, 'Somenath', '(831)111-1111x1111', 'somenath.c@tcs.comv', 'AZ', '', '', 'Somenath', 'somenath.c@tcs.comv', 'F', 160040,NOW(), null, null, 'AC', '', '', '', 'F', 'F', 'T', 17013, 'Laslink License Dev 2015', '2008-05-31 5:30:44 ','2016-05-31 5:30:44');

-- ORG_NODE_CATEGORY
INSERT INTO ORG_NODE_CATEGORY (ORG_NODE_CATEGORY_ID, CUSTOMER_ID, CATEGORY_LEVEL, CATEGORY_NAME, IS_GROUP, CREATED_BY, CREATED_DATE_TIME, UPDATED_BY, UPDATED_DATE_TIME, ACTIVATION_STATUS)
values (1, 1, 1, 'Root', 'F', 1, NOW(), null, NULL, 'AC');

INSERT INTO ORG_NODE_CATEGORY (ORG_NODE_CATEGORY_ID, CUSTOMER_ID, CATEGORY_LEVEL, CATEGORY_NAME, IS_GROUP, CREATED_BY, CREATED_DATE_TIME, UPDATED_BY, UPDATED_DATE_TIME, ACTIVATION_STATUS)
values (2, 2, 1, 'CTB', 'F', 1,NOW(), null, NULL, 'AC');

-- ORG_NODE

INSERT INTO org_node (ORG_NODE_ID, CUSTOMER_ID, ORG_NODE_CATEGORY_ID, ORG_NODE_NAME, EXT_QED_PIN, EXL_ELM_ID, EXT_ORG_NODE_TYPE, ORG_NODE_DESCRIPTION, CREATED_BY, CREATED_DATE_TIME, UPDATED_BY, UPDATED_DATE_TIME, ACTIVATION_STATUS, DATA_IMPORT_HISTORY_ID, PARENT_STATE, PARENT_REGION, PARENT_COUNTRY, PARENT_DISTRICT, ORG_NODE_CODE, INFA_LEVEL_CODE, ORG_NODE_MDR_NUMBER)
values (1,1,1, 'Root', '', '', '', 'Root Node', 1, NOW(), null, NULL, 'AC', null, '', '', '', '', '', '', '');

INSERT INTO org_node (ORG_NODE_ID, CUSTOMER_ID, ORG_NODE_CATEGORY_ID, ORG_NODE_NAME, EXT_QED_PIN, EXL_ELM_ID, EXT_ORG_NODE_TYPE, ORG_NODE_DESCRIPTION, CREATED_BY, CREATED_DATE_TIME, UPDATED_BY, UPDATED_DATE_TIME, ACTIVATION_STATUS, DATA_IMPORT_HISTORY_ID, PARENT_STATE, PARENT_REGION, PARENT_COUNTRY, PARENT_DISTRICT, ORG_NODE_CODE, INFA_LEVEL_CODE, ORG_NODE_MDR_NUMBER)
values (2,2,2, 'CTB', '', '', '', 'CTB Node', 1, NOW(), null, NULL, 'AC', null, '', '', '', '', 'CTB', '', '');

-- ROLE TYPE
INSERT INTO ROLE_TYPE (ROLE_TYPE_ID,NAME,DESCRIPTION,APPLICATION) VALUES (1,'SYSTEM','Standard application role','OAS');
INSERT INTO ROLE_TYPE (ROLE_TYPE_ID,NAME,DESCRIPTION,APPLICATION) VALUES (2,'SYSTEM','Roles belonging to the Online Enrollment application','OE');

-- password hint question
INSERT INTO PASSWORD_HINT_QUESTION(PASSWORD_HINT_QUESTION,ACTIVATION_STATUS,CREATED_BY,CREATED_DATE_TIME)
VALUES('what is your fav pet','AC',1,NOW());

-- ROLE
INSERT INTO ROLE (ROLE_ID,ROLE_NAME,CREATED_BY,CREATED_DATE_TIME,UPDATED_BY,UPDATED_DATE_TIME,ACTIVATION_STATUS,ROLE_TYPE_ID) values (1000,'ALL',1,NOW(),null,NULL,'AC',1);
INSERT INTO ROLE (ROLE_ID,ROLE_NAME,CREATED_BY,CREATED_DATE_TIME,UPDATED_BY,UPDATED_DATE_TIME,ACTIVATION_STATUS,ROLE_TYPE_ID) values (1001,'CTB ROOT',1,NOW(),null,NULL,'AC',1);
INSERT INTO ROLE (ROLE_ID,ROLE_NAME,CREATED_BY,CREATED_DATE_TIME,UPDATED_BY,UPDATED_DATE_TIME,ACTIVATION_STATUS,ROLE_TYPE_ID) values (1002,'ACCOUNT MANAGER',1,NOW(),null,NULL,'AC',1);
INSERT INTO ROLE (ROLE_ID,ROLE_NAME,CREATED_BY,CREATED_DATE_TIME,UPDATED_BY,UPDATED_DATE_TIME,ACTIVATION_STATUS,ROLE_TYPE_ID) values (1003,'ADMINISTRATOR',1,NOW(),null,NULL,'AC',1);
INSERT INTO ROLE (ROLE_ID,ROLE_NAME,CREATED_BY,CREATED_DATE_TIME,UPDATED_BY,UPDATED_DATE_TIME,ACTIVATION_STATUS,ROLE_TYPE_ID) values (1004,'COORDINATOR',1,NOW(),null,NULL,'AC',1);
INSERT INTO ROLE (ROLE_ID,ROLE_NAME,CREATED_BY,CREATED_DATE_TIME,UPDATED_BY,UPDATED_DATE_TIME,ACTIVATION_STATUS,ROLE_TYPE_ID) values (1005,'CTB ADMINISTRATOR',1,NOW(),null,NULL,'AC',1);
INSERT INTO ROLE (ROLE_ID,ROLE_NAME,CREATED_BY,CREATED_DATE_TIME,UPDATED_BY,UPDATED_DATE_TIME,ACTIVATION_STATUS,ROLE_TYPE_ID) values (1006,'ACTUATE ADMINISTRATOR',1,NOW(),null,NULL,'AC',1);
INSERT INTO ROLE (ROLE_ID,ROLE_NAME,CREATED_BY,CREATED_DATE_TIME,UPDATED_BY,UPDATED_DATE_TIME,ACTIVATION_STATUS,ROLE_TYPE_ID) values (1007,'OEAdmin',1,NOW(),null,NULL,'AC',2);
INSERT INTO ROLE (ROLE_ID,ROLE_NAME,CREATED_BY,CREATED_DATE_TIME,UPDATED_BY,UPDATED_DATE_TIME,ACTIVATION_STATUS,ROLE_TYPE_ID) values (1008,'PROCTOR',1,NOW(),null,NULL,'AC',1);
INSERT INTO ROLE (ROLE_ID,ROLE_NAME,CREATED_BY,CREATED_DATE_TIME,UPDATED_BY,UPDATED_DATE_TIME,ACTIVATION_STATUS,ROLE_TYPE_ID) values (1009,'ATS ADMIN',1,NOW(),null,NULL,'AC',1);
INSERT INTO ROLE (ROLE_ID,ROLE_NAME,CREATED_BY,CREATED_DATE_TIME,UPDATED_BY,UPDATED_DATE_TIME,ACTIVATION_STATUS,ROLE_TYPE_ID) values (1010,'ATS COORDINATOR',1,NOW(),null,NULL,'AC',1);
INSERT INTO ROLE (ROLE_ID,ROLE_NAME,CREATED_BY,CREATED_DATE_TIME,UPDATED_BY,UPDATED_DATE_TIME,ACTIVATION_STATUS,ROLE_TYPE_ID) values (1011,'ATS SUPER ADMIN',1,NOW(),null,NULL,'AC',1);
INSERT INTO ROLE (ROLE_ID,ROLE_NAME,CREATED_BY,CREATED_DATE_TIME,UPDATED_BY,UPDATED_DATE_TIME,ACTIVATION_STATUS,ROLE_TYPE_ID) values (1016,'ADMINISTRATIVE COORDINATOR',1,NOW(),null,NULL,'AC',1);
INSERT INTO ROLE (ROLE_ID,ROLE_NAME,CREATED_BY,CREATED_DATE_TIME,UPDATED_BY,UPDATED_DATE_TIME,ACTIVATION_STATUS,ROLE_TYPE_ID) values (1014,'ITEM AUTHOR',1,NOW(),null,NULL,'AC',1);
INSERT INTO ROLE (ROLE_ID,ROLE_NAME,CREATED_BY,CREATED_DATE_TIME,UPDATED_BY,UPDATED_DATE_TIME,ACTIVATION_STATUS,ROLE_TYPE_ID) values (1015,'ITEM ADMINISTRATOR',1,NOW(),null,NULL,'AC',1);