-- CUSTOMER
INSERT INTO CUSTOMER(CUSTOMER_ID, CUSTOMER_NAME, BILLING_ADDRESS_ID, MAILING_ADDRESS_ID, CONTACT_NAME, CONTACT_PHONE, CONTACT_EMAIL, STATE_PR, COUNTRY, EXT_CUSTOMER_ID, CTB_CONTACT_NAME, CTB_CONTACT_EMAIL, ALLOW_DATA_UPLOAD, CREATED_BY, CREATED_DATE_TIME, UPDATED_BY, UPDATED_DATE_TIME, ACTIVATION_STATUS, EISS_ORG, TOP_ORG_NAME, SEASON_YEAR, OVERRIDE_HIDE_ACCOMMODATIONS, IMPORT_STUDENT_EDITABLE, DEMOGRAPHIC_VISIBLE, ACTIVE_PROGRAM_ID, ACTIVE_PROGRAM_NAME, ACTIVE_PROGRAM_START_DATE, ACTIVE_PROGRAM_END_DATE)
values (1, 'Root', NULL,NULL, '', '8313930700', '', 'CA', 'US', '', '', '', 'F', 1, NOW(), null, NULL, 'AC', '', '', '', 'F', 'T', 'T', 1, 'Root Program', '2006-10-10 19:03:34','2018-10-10 19:03:34');

INSERT INTO customer (CUSTOMER_ID, CUSTOMER_NAME, BILLING_ADDRESS_ID, MAILING_ADDRESS_ID, CONTACT_NAME, CONTACT_PHONE, CONTACT_EMAIL, STATE_PR, COUNTRY, EXT_CUSTOMER_ID, CTB_CONTACT_NAME, CTB_CONTACT_EMAIL, ALLOW_DATA_UPLOAD, CREATED_BY, CREATED_DATE_TIME, UPDATED_BY, UPDATED_DATE_TIME, ACTIVATION_STATUS, EISS_ORG, TOP_ORG_NAME, SEASON_YEAR, OVERRIDE_HIDE_ACCOMMODATIONS, IMPORT_STUDENT_EDITABLE, DEMOGRAPHIC_VISIBLE, ACTIVE_PROGRAM_ID, ACTIVE_PROGRAM_NAME, ACTIVE_PROGRAM_START_DATE, ACTIVE_PROGRAM_END_DATE)
values (2, 'CTB', NULL,NULL, '', '8313930700', '', 'CA', 'US', '', '', '', 'F', 1, NOW(), null, NULL, 'AC', '', '', '', 'F', 'T', 'T', 2, 'CTB Program', '2006-10-10 19:03:34','2018-10-10 19:03:34');

INSERT INTO CUSTOMER (CUSTOMER_NAME, BILLING_ADDRESS_ID, MAILING_ADDRESS_ID, CONTACT_NAME, CONTACT_PHONE, CONTACT_EMAIL, STATE_PR, COUNTRY, EXT_CUSTOMER_ID, CTB_CONTACT_NAME, CTB_CONTACT_EMAIL, ALLOW_DATA_UPLOAD, CREATED_BY, CREATED_DATE_TIME, UPDATED_BY, UPDATED_DATE_TIME, ACTIVATION_STATUS, EISS_ORG, TOP_ORG_NAME, SEASON_YEAR, OVERRIDE_HIDE_ACCOMMODATIONS, IMPORT_STUDENT_EDITABLE, DEMOGRAPHIC_VISIBLE, ACTIVE_PROGRAM_ID, ACTIVE_PROGRAM_NAME, ACTIVE_PROGRAM_START_DATE, ACTIVE_PROGRAM_END_DATE)
values ('Laslink License Dev 2015', null, null, 'Somenath', '(831)111-1111x1111', 'somenath.c@tcs.comv', 'AZ', '', '', 'Somenath', 'somenath.c@tcs.comv', 'F', 160040,NOW(), null, null, 'AC', '', '', '', 'F', 'F', 'T', 17013, 'Laslink License Dev 2015', '2008-05-31 5:30:44 ','2016-05-31 5:30:44');

-- ORG_NODE_CATEGORY
INSERT INTO ORG_NODE_CATEGORY (ORG_NODE_CATEGORY_ID, CUSTOMER_ID, CATEGORY_LEVEL, CATEGORY_NAME, IS_GROUP, CREATED_BY, CREATED_DATE_TIME, UPDATED_BY, UPDATED_DATE_TIME, ACTIVATION_STATUS)
values (1, 1, 1, 'Root', 'F', 1, NOW(), null, NULL, 'AC');

INSERT INTO ORG_NODE_CATEGORY (ORG_NODE_CATEGORY_ID, CUSTOMER_ID, CATEGORY_LEVEL, CATEGORY_NAME, IS_GROUP, CREATED_BY, CREATED_DATE_TIME, UPDATED_BY, UPDATED_DATE_TIME, ACTIVATION_STATUS)
values (2, 2, 1, 'CTB', 'F', 1,NOW(), null, NULL, 'AC');

-- ORG_NODE

INSERT INTO org_node (ORG_NODE_ID, CUSTOMER_ID, ORG_NODE_CATEGORY_ID, ORG_NODE_NAME, EXT_QED_PIN, EXL_ELM_ID, EXT_ORG_NODE_TYPE, ORG_NODE_DESCRIPTION, CREATED_BY, CREATED_DATE_TIME, UPDATED_BY, UPDATED_DATE_TIME, ACTIVATION_STATUS, DATA_IMPORT_HISTORY_ID, PARENT_STATE, PARENT_REGION, PARENT_COUNTRY, PARENT_DISTRICT, ORG_NODE_CODE, INFA_LEVEL_CODE, ORG_NODE_MDR_NUMBER)
values (1,1,1, 'Root', '', '', '', 'Root Node', 1, NOW(), null, NULL, 'AC', null, '', '', '', '', '', '', '');

INSERT INTO org_node (ORG_NODE_ID, CUSTOMER_ID, ORG_NODE_CATEGORY_ID, ORG_NODE_NAME, EXT_QED_PIN, EXL_ELM_ID, EXT_ORG_NODE_TYPE, ORG_NODE_DESCRIPTION, CREATED_BY, CREATED_DATE_TIME, UPDATED_BY, UPDATED_DATE_TIME, ACTIVATION_STATUS, DATA_IMPORT_HISTORY_ID, PARENT_STATE, PARENT_REGION, PARENT_COUNTRY, PARENT_DISTRICT, ORG_NODE_CODE, INFA_LEVEL_CODE, ORG_NODE_MDR_NUMBER)
values (2,2,2, 'CTB', '', '', '', 'CTB Node', 1, NOW(), null, NULL, 'AC', null, '', '', '', '', 'CTB', '', '');

-- ROLE TYPE
INSERT INTO ROLE_TYPE (ROLE_TYPE_ID,NAME,DESCRIPTION,APPLICATION) VALUES (1,'SYSTEM','Standard application role','OAS');
INSERT INTO ROLE_TYPE (ROLE_TYPE_ID,NAME,DESCRIPTION,APPLICATION) VALUES (2,'SYSTEM','Roles belonging to the Online Enrollment application','OE');

-- password hint question
INSERT INTO PASSWORD_HINT_QUESTION(PASSWORD_HINT_QUESTION,ACTIVATION_STATUS,CREATED_BY,CREATED_DATE_TIME)
VALUES('what is your fav pet','AC',1,NOW());

-- ROLE
INSERT INTO ROLE (ROLE_ID,ROLE_NAME,CREATED_BY,CREATED_DATE_TIME,UPDATED_BY,UPDATED_DATE_TIME,ACTIVATION_STATUS,ROLE_TYPE_ID) values (1000,'ALL',1,NOW(),null,NULL,'AC',1);
INSERT INTO ROLE (ROLE_ID,ROLE_NAME,CREATED_BY,CREATED_DATE_TIME,UPDATED_BY,UPDATED_DATE_TIME,ACTIVATION_STATUS,ROLE_TYPE_ID) values (1001,'CTB ROOT',1,NOW(),null,NULL,'AC',1);
INSERT INTO ROLE (ROLE_ID,ROLE_NAME,CREATED_BY,CREATED_DATE_TIME,UPDATED_BY,UPDATED_DATE_TIME,ACTIVATION_STATUS,ROLE_TYPE_ID) values (1002,'ACCOUNT MANAGER',1,NOW(),null,NULL,'AC',1);
INSERT INTO ROLE (ROLE_ID,ROLE_NAME,CREATED_BY,CREATED_DATE_TIME,UPDATED_BY,UPDATED_DATE_TIME,ACTIVATION_STATUS,ROLE_TYPE_ID) values (1003,'ADMINISTRATOR',1,NOW(),null,NULL,'AC',1);
INSERT INTO ROLE (ROLE_ID,ROLE_NAME,CREATED_BY,CREATED_DATE_TIME,UPDATED_BY,UPDATED_DATE_TIME,ACTIVATION_STATUS,ROLE_TYPE_ID) values (1004,'COORDINATOR',1,NOW(),null,NULL,'AC',1);
INSERT INTO ROLE (ROLE_ID,ROLE_NAME,CREATED_BY,CREATED_DATE_TIME,UPDATED_BY,UPDATED_DATE_TIME,ACTIVATION_STATUS,ROLE_TYPE_ID) values (1005,'CTB ADMINISTRATOR',1,NOW(),null,NULL,'AC',1);
INSERT INTO ROLE (ROLE_ID,ROLE_NAME,CREATED_BY,CREATED_DATE_TIME,UPDATED_BY,UPDATED_DATE_TIME,ACTIVATION_STATUS,ROLE_TYPE_ID) values (1006,'ACTUATE ADMINISTRATOR',1,NOW(),null,NULL,'AC',1);
INSERT INTO ROLE (ROLE_ID,ROLE_NAME,CREATED_BY,CREATED_DATE_TIME,UPDATED_BY,UPDATED_DATE_TIME,ACTIVATION_STATUS,ROLE_TYPE_ID) values (1007,'OEAdmin',1,NOW(),null,NULL,'AC',2);
INSERT INTO ROLE (ROLE_ID,ROLE_NAME,CREATED_BY,CREATED_DATE_TIME,UPDATED_BY,UPDATED_DATE_TIME,ACTIVATION_STATUS,ROLE_TYPE_ID) values (1008,'PROCTOR',1,NOW(),null,NULL,'AC',1);
INSERT INTO ROLE (ROLE_ID,ROLE_NAME,CREATED_BY,CREATED_DATE_TIME,UPDATED_BY,UPDATED_DATE_TIME,ACTIVATION_STATUS,ROLE_TYPE_ID) values (1009,'ATS ADMIN',1,NOW(),null,NULL,'AC',1);
INSERT INTO ROLE (ROLE_ID,ROLE_NAME,CREATED_BY,CREATED_DATE_TIME,UPDATED_BY,UPDATED_DATE_TIME,ACTIVATION_STATUS,ROLE_TYPE_ID) values (1010,'ATS COORDINATOR',1,NOW(),null,NULL,'AC',1);
INSERT INTO ROLE (ROLE_ID,ROLE_NAME,CREATED_BY,CREATED_DATE_TIME,UPDATED_BY,UPDATED_DATE_TIME,ACTIVATION_STATUS,ROLE_TYPE_ID) values (1011,'ATS SUPER ADMIN',1,NOW(),null,NULL,'AC',1);
INSERT INTO ROLE (ROLE_ID,ROLE_NAME,CREATED_BY,CREATED_DATE_TIME,UPDATED_BY,UPDATED_DATE_TIME,ACTIVATION_STATUS,ROLE_TYPE_ID) values (1016,'ADMINISTRATIVE COORDINATOR',1,NOW(),null,NULL,'AC',1);
INSERT INTO ROLE (ROLE_ID,ROLE_NAME,CREATED_BY,CREATED_DATE_TIME,UPDATED_BY,UPDATED_DATE_TIME,ACTIVATION_STATUS,ROLE_TYPE_ID) values (1014,'ITEM AUTHOR',1,NOW(),null,NULL,'AC',1);
INSERT INTO ROLE (ROLE_ID,ROLE_NAME,CREATED_BY,CREATED_DATE_TIME,UPDATED_BY,UPDATED_DATE_TIME,ACTIVATION_STATUS,ROLE_TYPE_ID) values (1015,'ITEM ADMINISTRATOR',1,NOW(),null,NULL,'AC',1);

-- ------------------------------------------------------------------------------------
-- ADDITIONAL DATA
-- ------------------------------------------------------------------------------------
-- --------------------------------------------------------------------
-- Addintional data
-- --------------------------------------------------------------------
-- Customer
insert into CUSTOMER (CUSTOMER_NAME, BILLING_ADDRESS_ID, MAILING_ADDRESS_ID, CONTACT_NAME, CONTACT_PHONE, CONTACT_EMAIL, STATE_PR, COUNTRY, EXT_CUSTOMER_ID, CTB_CONTACT_NAME, CTB_CONTACT_EMAIL, ALLOW_DATA_UPLOAD, CREATED_BY, CREATED_DATE_TIME, UPDATED_BY, UPDATED_DATE_TIME, ACTIVATION_STATUS, EISS_ORG, TOP_ORG_NAME, SEASON_YEAR, OVERRIDE_HIDE_ACCOMMODATIONS, IMPORT_STUDENT_EDITABLE, DEMOGRAPHIC_VISIBLE, ACTIVE_PROGRAM_ID, ACTIVE_PROGRAM_NAME, ACTIVE_PROGRAM_START_DATE, ACTIVE_PROGRAM_END_DATE)
values ('Laslink License Dev 2015', null, null, 'Somenath', '(831)111-1111x1111', 'somenath.c@tcs.comv', 'AZ', '', '', 'Somenath', 'somenath.c@tcs.comv', 'F', 160040,NOW(), null, null, 'AC', '', '', '', 'F', 'F', 'T', 17013, 'Laslink License Dev 2015', '2008-05-31 5:30:44 ','2016-05-31 5:30:44');

-- ORG_NODE_CATEGORY

insert into ORG_NODE_CATEGORY (CUSTOMER_ID, CATEGORY_LEVEL, CATEGORY_NAME, IS_GROUP, CREATED_BY, CREATED_DATE_TIME, UPDATED_BY, UPDATED_DATE_TIME, ACTIVATION_STATUS)
values (3,1, 'State', 'F', 160040,NOW(),NULL,NULL, 'AC');

insert into ORG_NODE_CATEGORY (CUSTOMER_ID, CATEGORY_LEVEL, CATEGORY_NAME, IS_GROUP, CREATED_BY, CREATED_DATE_TIME, UPDATED_BY, UPDATED_DATE_TIME, ACTIVATION_STATUS)
values (3, 2, 'District', 'F', 160040,NOW(),NULL,NULL, 'AC');

insert into ORG_NODE_CATEGORY (CUSTOMER_ID, CATEGORY_LEVEL, CATEGORY_NAME, IS_GROUP, CREATED_BY, CREATED_DATE_TIME, UPDATED_BY, UPDATED_DATE_TIME, ACTIVATION_STATUS)
values (3, 3, 'School', 'F', 160040,NOW(), NULL,NULL, 'AC');

insert into ORG_NODE_CATEGORY (CUSTOMER_ID, CATEGORY_LEVEL, CATEGORY_NAME, IS_GROUP, CREATED_BY, CREATED_DATE_TIME, UPDATED_BY, UPDATED_DATE_TIME, ACTIVATION_STATUS)
values (3, 4, 'Class', 'F', 160040, NOW(), NULL,NULL, 'AC');

-- ORG_NODE

insert into ORG_NODE (CUSTOMER_ID, ORG_NODE_CATEGORY_ID, ORG_NODE_NAME, EXT_QED_PIN, EXL_ELM_ID, EXT_ORG_NODE_TYPE, ORG_NODE_DESCRIPTION, CREATED_BY, CREATED_DATE_TIME, UPDATED_BY, UPDATED_DATE_TIME, ACTIVATION_STATUS, DATA_IMPORT_HISTORY_ID, PARENT_STATE, PARENT_REGION, PARENT_COUNTRY, PARENT_DISTRICT, ORG_NODE_CODE, INFA_LEVEL_CODE, ORG_NODE_MDR_NUMBER)
values (3, 3, 'Laslink License Dev 2015', '', '', '', '', 160040, NOW(), null, NOW(), 'AC', null, '', '', '', '', '', '', '21212541');

insert into ORG_NODE (CUSTOMER_ID, ORG_NODE_CATEGORY_ID, ORG_NODE_NAME, EXT_QED_PIN, EXL_ELM_ID, EXT_ORG_NODE_TYPE, ORG_NODE_DESCRIPTION, CREATED_BY, CREATED_DATE_TIME, UPDATED_BY, UPDATED_DATE_TIME, ACTIVATION_STATUS, DATA_IMPORT_HISTORY_ID, PARENT_STATE, PARENT_REGION, PARENT_COUNTRY, PARENT_DISTRICT, ORG_NODE_CODE, INFA_LEVEL_CODE, ORG_NODE_MDR_NUMBER)
values (3, 5, 'School1', '', '', '', '', 228142, NOW(), null, NOW(), 'AC', null, '', '', '', '', 'S001', '', '20202013');

insert into ORG_NODE (CUSTOMER_ID, ORG_NODE_CATEGORY_ID, ORG_NODE_NAME, EXT_QED_PIN, EXL_ELM_ID, EXT_ORG_NODE_TYPE, ORG_NODE_DESCRIPTION, CREATED_BY, CREATED_DATE_TIME, UPDATED_BY, UPDATED_DATE_TIME, ACTIVATION_STATUS, DATA_IMPORT_HISTORY_ID, PARENT_STATE, PARENT_REGION, PARENT_COUNTRY, PARENT_DISTRICT, ORG_NODE_CODE, INFA_LEVEL_CODE, ORG_NODE_MDR_NUMBER)
values (3, 6, 'Class1', '', '', '', '', 228142, NOW(), null, NOW(), 'AC', null, '', '', '', '', 'C001', '', '20202015');

insert into ORG_NODE (CUSTOMER_ID, ORG_NODE_CATEGORY_ID, ORG_NODE_NAME, EXT_QED_PIN, EXL_ELM_ID, EXT_ORG_NODE_TYPE, ORG_NODE_DESCRIPTION, CREATED_BY, CREATED_DATE_TIME, UPDATED_BY, UPDATED_DATE_TIME, ACTIVATION_STATUS, DATA_IMPORT_HISTORY_ID, PARENT_STATE, PARENT_REGION, PARENT_COUNTRY, PARENT_DISTRICT, ORG_NODE_CODE, INFA_LEVEL_CODE, ORG_NODE_MDR_NUMBER)
values (3, 4, 'District1', '', '', '', '', 228142,NOW(), null, NOW(), 'AC', null, '', '', '', '', 'D001', '', '20202011');

insert into ORG_NODE ( CUSTOMER_ID, ORG_NODE_CATEGORY_ID, ORG_NODE_NAME, EXT_QED_PIN, EXL_ELM_ID, EXT_ORG_NODE_TYPE, ORG_NODE_DESCRIPTION, CREATED_BY, CREATED_DATE_TIME, UPDATED_BY, UPDATED_DATE_TIME, ACTIVATION_STATUS, DATA_IMPORT_HISTORY_ID, PARENT_STATE, PARENT_REGION, PARENT_COUNTRY, PARENT_DISTRICT, ORG_NODE_CODE, INFA_LEVEL_CODE, ORG_NODE_MDR_NUMBER)
values (3, 5, 'School2', '', '', '', '', 228142,NOW(), null, NOW(), 'AC', null, '', '', '', '', 'S002', '', '20202014');

insert into ORG_NODE (CUSTOMER_ID, ORG_NODE_CATEGORY_ID, ORG_NODE_NAME, EXT_QED_PIN, EXL_ELM_ID, EXT_ORG_NODE_TYPE, ORG_NODE_DESCRIPTION, CREATED_BY, CREATED_DATE_TIME, UPDATED_BY, UPDATED_DATE_TIME, ACTIVATION_STATUS, DATA_IMPORT_HISTORY_ID, PARENT_STATE, PARENT_REGION, PARENT_COUNTRY, PARENT_DISTRICT, ORG_NODE_CODE, INFA_LEVEL_CODE, ORG_NODE_MDR_NUMBER)
values (3, 6, 'Class3', '', '', '', '', 228142,NOW(), null, NOW(), 'AC', null, '', '', '', '', 'C003', '', '20202017');

insert into ORG_NODE (CUSTOMER_ID, ORG_NODE_CATEGORY_ID, ORG_NODE_NAME, EXT_QED_PIN, EXL_ELM_ID, EXT_ORG_NODE_TYPE, ORG_NODE_DESCRIPTION, CREATED_BY, CREATED_DATE_TIME, UPDATED_BY, UPDATED_DATE_TIME, ACTIVATION_STATUS, DATA_IMPORT_HISTORY_ID, PARENT_STATE, PARENT_REGION, PARENT_COUNTRY, PARENT_DISTRICT, ORG_NODE_CODE, INFA_LEVEL_CODE, ORG_NODE_MDR_NUMBER)
values (3, 6, 'Class9', '', '', '', '', 228142,NOW(), null, NOW(), 'AC', null, '', '', '', '', '', '', '23456543');

insert into ORG_NODE (CUSTOMER_ID, ORG_NODE_CATEGORY_ID, ORG_NODE_NAME, EXT_QED_PIN, EXL_ELM_ID, EXT_ORG_NODE_TYPE, ORG_NODE_DESCRIPTION, CREATED_BY, CREATED_DATE_TIME, UPDATED_BY, UPDATED_DATE_TIME, ACTIVATION_STATUS, DATA_IMPORT_HISTORY_ID, PARENT_STATE, PARENT_REGION, PARENT_COUNTRY, PARENT_DISTRICT, ORG_NODE_CODE, INFA_LEVEL_CODE, ORG_NODE_MDR_NUMBER)
values (3, 4, 'District2', '', '', '', '', 228142,NOW(), null,NOW(), 'AC', null, '', '', '', '', 'D002', '', '20202012');

insert into ORG_NODE (CUSTOMER_ID, ORG_NODE_CATEGORY_ID, ORG_NODE_NAME, EXT_QED_PIN, EXL_ELM_ID, EXT_ORG_NODE_TYPE, ORG_NODE_DESCRIPTION, CREATED_BY, CREATED_DATE_TIME, UPDATED_BY, UPDATED_DATE_TIME, ACTIVATION_STATUS, DATA_IMPORT_HISTORY_ID, PARENT_STATE, PARENT_REGION, PARENT_COUNTRY, PARENT_DISTRICT, ORG_NODE_CODE, INFA_LEVEL_CODE, ORG_NODE_MDR_NUMBER)
values (3, 6, 'Class2', '', '', '', '', 228142,NOW(), null, NOW(), 'AC', null, '', '', '', '', 'C002', '', '20202016');

insert into ORG_NODE (CUSTOMER_ID, ORG_NODE_CATEGORY_ID, ORG_NODE_NAME, EXT_QED_PIN, EXL_ELM_ID, EXT_ORG_NODE_TYPE, ORG_NODE_DESCRIPTION, CREATED_BY, CREATED_DATE_TIME, UPDATED_BY, UPDATED_DATE_TIME, ACTIVATION_STATUS, DATA_IMPORT_HISTORY_ID, PARENT_STATE, PARENT_REGION, PARENT_COUNTRY, PARENT_DISTRICT, ORG_NODE_CODE, INFA_LEVEL_CODE, ORG_NODE_MDR_NUMBER)
values (3, 6, 'Class4', '', '', '', '', 228142,NOW(), null,NOW(), 'AC', null, '', '', '', '', 'C004', '', '20202019');

insert into ORG_NODE (CUSTOMER_ID, ORG_NODE_CATEGORY_ID, ORG_NODE_NAME, EXT_QED_PIN, EXL_ELM_ID, EXT_ORG_NODE_TYPE, ORG_NODE_DESCRIPTION, CREATED_BY, CREATED_DATE_TIME, UPDATED_BY, UPDATED_DATE_TIME, ACTIVATION_STATUS, DATA_IMPORT_HISTORY_ID, PARENT_STATE, PARENT_REGION, PARENT_COUNTRY, PARENT_DISTRICT, ORG_NODE_CODE, INFA_LEVEL_CODE, ORG_NODE_MDR_NUMBER)
values (3, 5, 'School9', '', '', '', '', 228142,NOW(), null,NOW(), 'AC', null, '', '', '', '', '', '', '76754321');

insert into ORG_NODE (CUSTOMER_ID, ORG_NODE_CATEGORY_ID, ORG_NODE_NAME, EXT_QED_PIN, EXL_ELM_ID, EXT_ORG_NODE_TYPE, ORG_NODE_DESCRIPTION, CREATED_BY, CREATED_DATE_TIME, UPDATED_BY, UPDATED_DATE_TIME, ACTIVATION_STATUS, DATA_IMPORT_HISTORY_ID, PARENT_STATE, PARENT_REGION, PARENT_COUNTRY, PARENT_DISTRICT, ORG_NODE_CODE, INFA_LEVEL_CODE, ORG_NODE_MDR_NUMBER)
values (3, 4, 'Distric3', '', '', '', '', 228142,NOW(), null,NOW(), 'AC', null, '', '', '', '', '', '', '12233567');

--------------------------------------------------------------------------------------------------------
-- FEW ADDITIONAL DATA
--------------------------------------------------------------------------------------------------------
INSERT INTO STATEPR_CODE (STATEPR,STATEPR_DESC) values ('AK','Alaska');
INSERT INTO STATEPR_CODE (STATEPR,STATEPR_DESC) values ('AL','Alabama');
INSERT INTO STATEPR_CODE (STATEPR,STATEPR_DESC) values ('AR','Arkansas');
INSERT INTO STATEPR_CODE (STATEPR,STATEPR_DESC) values ('AZ','Arizona');
INSERT INTO STATEPR_CODE (STATEPR,STATEPR_DESC) values ('CA','California');
INSERT INTO STATEPR_CODE (STATEPR,STATEPR_DESC) values ('CO','Colorado');
INSERT INTO STATEPR_CODE (STATEPR,STATEPR_DESC) values ('CT','Connecticut');
INSERT INTO STATEPR_CODE (STATEPR,STATEPR_DESC) values ('DC','District of Columbia');
INSERT INTO STATEPR_CODE (STATEPR,STATEPR_DESC) values ('DE','Delaware');
INSERT INTO STATEPR_CODE (STATEPR,STATEPR_DESC) values ('FL','Florida');
INSERT INTO STATEPR_CODE (STATEPR,STATEPR_DESC) values ('GA','Georgia');
INSERT INTO STATEPR_CODE (STATEPR,STATEPR_DESC) values ('HI','Hawaii');
INSERT INTO STATEPR_CODE (STATEPR,STATEPR_DESC) values ('IA','Iowa');
INSERT INTO STATEPR_CODE (STATEPR,STATEPR_DESC) values ('ID','Idaho');
INSERT INTO STATEPR_CODE (STATEPR,STATEPR_DESC) values ('IL','Illinois');
INSERT INTO STATEPR_CODE (STATEPR,STATEPR_DESC) values ('IN','Indiana');
INSERT INTO STATEPR_CODE (STATEPR,STATEPR_DESC) values ('KS','Kansas');
INSERT INTO STATEPR_CODE (STATEPR,STATEPR_DESC) values ('KY','Kentucky');
INSERT INTO STATEPR_CODE (STATEPR,STATEPR_DESC) values ('LA','Louisiana');
INSERT INTO STATEPR_CODE (STATEPR,STATEPR_DESC) values ('MA','Massachusetts');
INSERT INTO STATEPR_CODE (STATEPR,STATEPR_DESC) values ('MD','Maryland');
INSERT INTO STATEPR_CODE (STATEPR,STATEPR_DESC) values ('ME','Maine');
INSERT INTO STATEPR_CODE (STATEPR,STATEPR_DESC) values ('MI','Michigan');
INSERT INTO STATEPR_CODE (STATEPR,STATEPR_DESC) values ('MN','Minnesota');
INSERT INTO STATEPR_CODE (STATEPR,STATEPR_DESC) values ('MO','Missouri');
INSERT INTO STATEPR_CODE (STATEPR,STATEPR_DESC) values ('MS','Mississippi');
INSERT INTO STATEPR_CODE (STATEPR,STATEPR_DESC) values ('MT','Montana');
INSERT INTO STATEPR_CODE (STATEPR,STATEPR_DESC) values ('NC','North Carolina');
INSERT INTO STATEPR_CODE (STATEPR,STATEPR_DESC) values ('ND','North Dakota');
INSERT INTO STATEPR_CODE (STATEPR,STATEPR_DESC) values ('NE','Nebraska');
INSERT INTO STATEPR_CODE (STATEPR,STATEPR_DESC) values ('NH','New Hampshire');
INSERT INTO STATEPR_CODE (STATEPR,STATEPR_DESC) values ('NJ','New Jersey');
INSERT INTO STATEPR_CODE (STATEPR,STATEPR_DESC) values ('NM','New Mexico');
INSERT INTO STATEPR_CODE (STATEPR,STATEPR_DESC) values ('NV','Nevada');
INSERT INTO STATEPR_CODE (STATEPR,STATEPR_DESC) values ('NY','New York');
INSERT INTO STATEPR_CODE (STATEPR,STATEPR_DESC) values ('OH','Ohio');
INSERT INTO STATEPR_CODE (STATEPR,STATEPR_DESC) values ('OK','Oklahoma');
INSERT INTO STATEPR_CODE (STATEPR,STATEPR_DESC) values ('OR','Oregon');
INSERT INTO STATEPR_CODE (STATEPR,STATEPR_DESC) values ('PA','Pennsylvania');
INSERT INTO STATEPR_CODE (STATEPR,STATEPR_DESC) values ('RI','Rhode Island');
INSERT INTO STATEPR_CODE (STATEPR,STATEPR_DESC) values ('SC','South Carolina');
INSERT INTO STATEPR_CODE (STATEPR,STATEPR_DESC) values ('SD','South Dakota');
INSERT INTO STATEPR_CODE (STATEPR,STATEPR_DESC) values ('TN','Tennessee');
INSERT INTO STATEPR_CODE (STATEPR,STATEPR_DESC) values ('TX','Texas');
INSERT INTO STATEPR_CODE (STATEPR,STATEPR_DESC) values ('UT','Utah');
INSERT INTO STATEPR_CODE (STATEPR,STATEPR_DESC) values ('VA','Virginia');
INSERT INTO STATEPR_CODE (STATEPR,STATEPR_DESC) values ('VT','Vermont');
INSERT INTO STATEPR_CODE (STATEPR,STATEPR_DESC) values ('WA','Washington');
INSERT INTO STATEPR_CODE (STATEPR,STATEPR_DESC) values ('WI','Wisconsin');
INSERT INTO STATEPR_CODE (STATEPR,STATEPR_DESC) values ('WV','West Virginia');
INSERT INTO STATEPR_CODE (STATEPR,STATEPR_DESC) values ('WY','Wyoming');
INSERT INTO STATEPR_CODE (STATEPR,STATEPR_DESC) values ('VI','Virgin Islands');
INSERT INTO STATEPR_CODE (STATEPR,STATEPR_DESC) values ('PR','Puerto Rico');
INSERT INTO STATEPR_CODE (STATEPR,STATEPR_DESC) values ('PW','Palau');
INSERT INTO STATEPR_CODE (STATEPR,STATEPR_DESC) values ('MP','North Mariana Islands');
INSERT INTO STATEPR_CODE (STATEPR,STATEPR_DESC) values ('MH','Marshall Islands');
INSERT INTO STATEPR_CODE (STATEPR,STATEPR_DESC) values ('GU','Guam');
INSERT INTO STATEPR_CODE (STATEPR,STATEPR_DESC) values ('FM','F.S. of Micronesia');
INSERT INTO STATEPR_CODE (STATEPR,STATEPR_DESC) values ('AS','American Samoa');
INSERT INTO STATEPR_CODE (STATEPR,STATEPR_DESC) values ('EA','East Asia');

INSERT INTO TIME_ZONE_CODE (TIMEZONE,TIMEZONE_DESC,TIMEZONE_CODE) values ('America/Los_Angeles','PACIFIC',null);
INSERT INTO TIME_ZONE_CODE (TIMEZONE,TIMEZONE_DESC,TIMEZONE_CODE) values ('America/Denver','MOUNTAIN',null);
INSERT INTO TIME_ZONE_CODE (TIMEZONE,TIMEZONE_DESC,TIMEZONE_CODE) values ('America/Phoenix','PHOENIX',null);
INSERT INTO TIME_ZONE_CODE (TIMEZONE,TIMEZONE_DESC,TIMEZONE_CODE) values ('America/Chicago','CENTRAL',null);
INSERT INTO TIME_ZONE_CODE (TIMEZONE,TIMEZONE_DESC,TIMEZONE_CODE) values ('America/Indianapolis','INDIANAPOLIS',null);
INSERT INTO TIME_ZONE_CODE (TIMEZONE,TIMEZONE_DESC,TIMEZONE_CODE) values ('America/New_York','EASTERN',null);
INSERT INTO TIME_ZONE_CODE (TIMEZONE,TIMEZONE_DESC,TIMEZONE_CODE) values ('GMT','GREENWICH MEAN',null);
INSERT INTO TIME_ZONE_CODE (TIMEZONE,TIMEZONE_DESC,TIMEZONE_CODE) values ('Pacific/Honolulu','HAWAII',null);
INSERT INTO TIME_ZONE_CODE (TIMEZONE,TIMEZONE_DESC,TIMEZONE_CODE) values ('America/Adak','ALEUTIAN',null);
INSERT INTO TIME_ZONE_CODE (TIMEZONE,TIMEZONE_DESC,TIMEZONE_CODE) values ('America/Anchorage','ALASKA',null);
INSERT INTO TIME_ZONE_CODE (TIMEZONE,TIMEZONE_DESC,TIMEZONE_CODE) values ('Asia/Shanghai','CHINA','CST');
INSERT INTO TIME_ZONE_CODE (TIMEZONE,TIMEZONE_DESC,TIMEZONE_CODE) values ('Asia/Pyongyang','KOREA','KST');





